Barcode,Kunz
AAACAGCTTTCAGAAG-1,melanoma
AAACAGGGTCTATATT-1,melanoma
AAACATGGTGAGAGGA-1,dermis with fibroblasts
AAACCGGGTAGGTACC-1,melanoma
AAACGAAGATGGAGTA-1,inflammatory regions
AAACTTGCAAACGTAT-1,melanoma
AAAGAATGACCTTAGA-1,inflammatory regions
AAATCGCGGAAGGAGT-1,dermis with fibroblasts
AAATGGCCCGTGCCCT-1,melanoma
AAATGGTCAATGTGCC-1,melanoma
AAATTACCTATCGATG-1,dermis with fibroblasts
AACAACTGGTAGTTGC-1,epidermis
AACACGAGACGCGGCC-1,melanoma
AACAGGATGGGCCGCG-1,epidermis
AACCGAGCTTGGTCAT-1,dermis with fibroblasts
AACGATATGTCAACTG-1,dermis with fibroblasts
AACTCAAGTTAATTGC-1,melanoma
AACTGGGTCCCGACGT-1,epidermis
AAGAGGATGTACGCGA-1,melanoma
AAGATTGGCGGAACGT-1,dermis with fibroblasts
AAGGCTGTGCTCATCG-1,epidermis
AAGGGACAGATTCTGT-1,dermis with fibroblasts
AAGGGTTTGATTTCAG-1,dermis with fibroblasts
AAGGTATCCTAATATA-1,dermis with fibroblasts
AAGTAGTGACGCGAGG-1,melanoma
AAGTCTTCTGTGGCCT-1,melanoma
AAGTGACGACCGAATT-1,melanoma
AATAACAACGCTCGGC-1,melanoma
AATATCCTAGCAAACT-1,melanoma
AATCTAGGTTTACTTG-1,dermis with fibroblasts
AATCTGGCTTTCTAGT-1,dermis with fibroblasts
AATGATGATACGCTAT-1,epidermis
AATGCAACCGGGTACC-1,epidermis
AATGTATGGCACTGTA-1,dermis with fibroblasts
AATTACGAGACCCATC-1,dermis with fibroblasts
AATTCATTGTCATGCA-1,dermis with fibroblasts
AATTGCGTGGATTACA-1,dermis with fibroblasts
ACAAAGAAGGTAGGCC-1,melanoma
ACAAGGACAAGAGGTT-1,epidermis
ACAATAGTCGTACGTT-1,melanoma
ACAATCCATTTAAACC-1,melanoma
ACAGTAATACAACTTG-1,melanoma
ACATAAGTCGTGGTGA-1,dermis with fibroblasts
ACATCGGTCAGCCGCG-1,melanoma
ACCACAAGTTTCTATC-1,melanoma
ACCATCCGCCAACTAG-1,melanoma
ACCCATCTTGAGGGTA-1,melanoma
ACCGAAGAGTCTGGTT-1,dermis with fibroblasts
ACCGACTGAGTCCCAC-1,melanoma
ACCTGCGTGTCATGTT-1,melanoma
ACGAGGATACCACTCT-1,melanoma
ACGATACATAGAACTA-1,dermis with fibroblasts
ACGATGCATATGTTAT-1,melanoma
ACGCCAGATGATTTCT-1,epidermis
ACGCGCTACACAGGGT-1,melanoma
ACGGGAGTGTCGGCCC-1,melanoma
ACGTCTCGTTCCGGGA-1,melanoma
ACGTTAGATTTGCCCG-1,melanoma
ACTCAATAAAGGCACG-1,dermis with fibroblasts
ACTCCCATTCCTAAAG-1,melanoma
ACTCGTAACCCGTCCT-1,melanoma
ACTGCCGTCGTAACTC-1,epidermis
ACTGTAGCACTTTGGA-1,epidermis
ACTGTCCAGGATTATA-1,melanoma
ACTGTCTTCTTTAGAA-1,melanoma
ACTTCCAGTGGAAGCT-1,inflammatory regions
ACTTGGGACCCGGTGG-1,melanoma
ACTTGTAGTCCCTTCA-1,melanoma
ACTTTCCTATAGCTTC-1,melanoma
AGAACCCTCAATTGGG-1,dermis with fibroblasts
AGAAGGTACACTTCAC-1,dermis with fibroblasts
AGAAGTGATTCGTGAT-1,melanoma
AGACCAAACCACACCT-1,dermis with fibroblasts
AGACCCGCCCTCCTCG-1,epidermis
AGACCGGGAAACCCTG-1,melanoma
AGACTAGCCTTCCAGA-1,epidermis
AGAGAACCGTCTAGGA-1,dermis with fibroblasts
AGAGATCTCTAAAGCG-1,melanoma
AGATAACTTCAGGGCC-1,melanoma
AGATACCGGTGTTCAC-1,melanoma
AGATGCATCCTGTGTC-1,melanoma
AGATTCACAACCGATA-1,dermis with fibroblasts
AGCACCAGTACTCACG-1,melanoma
AGCCACTCCCGTGCTT-1,dermis with fibroblasts
AGCCCATACATGTAAG-1,melanoma
AGCCGTGGCTAAATGT-1,melanoma
AGCCTAATACCCACGT-1,melanoma
AGCGACCAACGATATT-1,epidermis
AGCGCGGGTGCCAATG-1,dermis with fibroblasts
AGCGGCGGTTAGCGGT-1,dermis with fibroblasts
AGCTATTTAATCCAAC-1,epidermis
AGCTTGATCTTAACTT-1,melanoma
AGGATCACGCGATCTG-1,melanoma
AGGCAGATGCGTAAAC-1,dermis with fibroblasts
AGGCCACCCGTTATGA-1,epidermis
AGGCCCTAGAACGCCA-1,melanoma
AGGGCGAGCAGCTGAT-1,melanoma
AGGTAGGTACAAAGCT-1,melanoma
AGGTCAGGTGAGAGTG-1,melanoma
AGGTTCTCCTTTCCGG-1,dermis with fibroblasts
AGTACGGGCACCTGGC-1,dermis with fibroblasts
AGTCGGCTCAACTTTA-1,melanoma
AGTGGCGGCAATTTGA-1,dermis with fibroblasts
AGTGGCTCCGTCGGCC-1,melanoma
AGTGGTGTTACCCGTG-1,melanoma
AGTTAAGCGGTCCCGG-1,epidermis
AGTTCCTACAGAATTA-1,melanoma
ATAAAGGCTCGGTCGT-1,melanoma
ATAAATATTAGCAGCT-1,melanoma
ATAACGGAGTCCAACG-1,dermis with fibroblasts
ATACGGGTTTCGATTG-1,dermis with fibroblasts
ATAGACGAAGAGAAAG-1,melanoma
ATAGAGTACTGGGACA-1,epidermis
ATAGGCGGCTATAGAA-1,melanoma
ATAGGCTAGCTTCGCA-1,dermis with fibroblasts
ATAGGTTGGGCAGATG-1,melanoma
ATATACATGTATGGTA-1,melanoma
ATATCAATTCCAGCCT-1,dermis with fibroblasts
ATATCTCCCTCGTTAA-1,epidermis
ATATTTAACCCTCAAG-1,melanoma
ATCACTTCATCCTCGC-1,epidermis
ATCAGCTCGTCCACTA-1,melanoma
ATCAGTAGGCAGGGAT-1,dermis with fibroblasts
ATCATTGTACCGCATT-1,inflammatory regions
ATCCAATGGAGGGTCC-1,melanoma
ATCCTGAATCGCTGCG-1,melanoma
ATCGCACGCCGGGAGA-1,epidermis
ATCTCCCTGCAATCTA-1,epidermis
ATGCACTACCGCATTG-1,epidermis
ATGGAAATTTAAGGAG-1,dermis with fibroblasts
ATGGATCCGGCGTCCG-1,dermis with fibroblasts
ATGTGAAAGCCTAATG-1,melanoma
ATTAATGAACCAGTCG-1,dermis with fibroblasts
ATTACGCGCTGGCAGG-1,melanoma
ATTATACTTTGCTCGT-1,dermis with fibroblasts
ATTCCCGAAGGTACAG-1,dermis with fibroblasts
ATTGAAGATCTTAGTG-1,melanoma
ATTGCTGCTCCTCCAT-1,melanoma
ATTTACAGTTTACTGG-1,epidermis
ATTTCATTATTTCGCG-1,epidermis
ATTTGGAGATTGCGGT-1,inflammatory regions
ATTTGTTCCAGGGCTC-1,dermis with fibroblasts
CAAATCTCTCACAAGG-1,melanoma
CAACTATATCGAATGC-1,epidermis
CAAGCAACGTCGGAGT-1,melanoma
CAAGCACCAAATGCCT-1,epidermis
CAATAAACCTTGGCCC-1,dermis with fibroblasts
CAATACGCTCTGAGGC-1,melanoma
CAATTAAGGGTGATGA-1,melanoma
CAATTGGGCCGCACTC-1,dermis with fibroblasts
CACAGCACCCACGGCA-1,melanoma
CACCAATCATCCGTCT-1,dermis with fibroblasts
CACCACGCCACACAGA-1,melanoma
CACCCTTGGTGAGACC-1,melanoma
CACCGTTGCGCGATAT-1,melanoma
CACCTCGATGGTGGAC-1,epidermis
CACCTTGCGAAACTCG-1,dermis with fibroblasts
CACGCACAGCGCAGCT-1,dermis with fibroblasts
CACGCAGCGAGGCTTT-1,melanoma
CACTTAATCAGACGGA-1,melanoma
CAGAGCATGAGCTTGC-1,dermis with fibroblasts
CAGATACTAACATAGT-1,epidermis
CAGCCTCCTGCAGAGG-1,dermis with fibroblasts
CAGCTGGCGTAACCGT-1,melanoma
CAGGCCGTTTGGGTGT-1,melanoma
CAGTAAGGGACGTCTC-1,dermis with fibroblasts
CAGTACCAGTTTACGT-1,melanoma
CAGTAGCCCACGCGGT-1,dermis with fibroblasts
CAGTCGAGGATGCAAT-1,dermis with fibroblasts
CAGTCGGCCTAGATAT-1,melanoma
CAGTGAATAAATGACT-1,dermis with fibroblasts
CATAAGCTCTCCGTCT-1,melanoma
CATACACAAAGTCAGC-1,inflammatory regions
CATACCCGTACCCAGT-1,melanoma
CATAGTACATTGAGAG-1,epidermis
CATAGTCCACAAGAAC-1,melanoma
CATATGTCAGGCTACG-1,melanoma
CATGCCAACTCGCAAA-1,melanoma
CATGGGTCGGGTGTGG-1,epidermis
CATGGTATTAGTTTGT-1,dermis with fibroblasts
CATGGTCTAGATACCG-1,melanoma
CATTATGCTTGTTGTG-1,epidermis
CATTTAGCGGACCATG-1,dermis with fibroblasts
CCAATAGTGCCGTCGA-1,melanoma
CCAATCGGTAGATCGA-1,epidermis
CCACATGGCTCTTTAT-1,dermis with fibroblasts
CCACGAGAAGAGAATC-1,epidermis
CCACGGAGCCATAAGA-1,melanoma
CCACTGGTGGCTGGTT-1,melanoma
CCAGTCAAATCTCTTA-1,melanoma
CCAGTCTAGACGGCGC-1,dermis with fibroblasts
CCATAACCTGTGCAGT-1,dermis with fibroblasts
CCATAGAGGCTGCCAG-1,inflammatory regions
CCATTAGCGATAATCC-1,melanoma
CCATTCCCTGCCCACA-1,melanoma
CCCAACATACGTCGCG-1,melanoma
CCCAATTTCACAACTT-1,melanoma
CCCACTCCACGGTATC-1,inflammatory regions
CCCAGTAAACTTGGGA-1,dermis with fibroblasts
CCCGAAGTTTCGCGAA-1,melanoma
CCCGTAAGTCTAGGCC-1,melanoma
CCCGTGAGGGCGGTGA-1,melanoma
CCCTAGGCAACAAGAG-1,melanoma
CCCTGCCCAATCCGCT-1,melanoma
CCCTGGCTGTTCCTTC-1,melanoma
CCGAACACTGGGCCTC-1,melanoma
CCGAAGCATTGACCAA-1,dermis with fibroblasts
CCGCCTTGCGATGTCG-1,melanoma
CCGCGATTTGGTAGGT-1,melanoma
CCGCGCAAGATACCCA-1,dermis with fibroblasts
CCGGCCGCGAGCATAT-1,inflammatory regions
CCGGCGTGAGACTCTG-1,melanoma
CCGGGTTCGAGGTTAC-1,melanoma
CCGTTACGTTAGAACA-1,epidermis
CCGTTCCGAATCTCGG-1,melanoma
CCTAAAGGCTGACGCT-1,epidermis
CCTAACTAAGGCTCTA-1,epidermis
CCTACTGCTTACACTT-1,epidermis
CCTAGGTAAAGGTAGC-1,dermis with fibroblasts
CCTATATCGTGTCACG-1,dermis with fibroblasts
CCTATTATTCCGGCCG-1,dermis with fibroblasts
CCTCAACGATCGCTGT-1,melanoma
CCTCGAAGTGGACGGG-1,epidermis
CCTCGCCAGCAAATTA-1,dermis with fibroblasts
CCTCGCGCGATATAGG-1,epidermis
CCTCTCTCCCATCTAG-1,melanoma
CCTCTGGCCTAGACGG-1,epidermis
CCTGCTATTTGAGAAG-1,epidermis
CCTGGCTAGACCCGCC-1,epidermis
CCTGTAAGACATGATA-1,melanoma
CCTGTACTCACGCCCA-1,melanoma
CCTTCTCAGCGTTCCT-1,melanoma
CCTTCTTGATCCAGTG-1,dermis with fibroblasts
CCTTTCAATGAAGAAA-1,dermis with fibroblasts
CCTTTGAATTATGGCT-1,dermis with fibroblasts
CGAAACGCAATTCATG-1,melanoma
CGAACGGCCGGACAAC-1,melanoma
CGAAGTTGCTCTGTGT-1,melanoma
CGACAGTTCGCGTTAT-1,melanoma
CGACCCTTAACGCCGG-1,melanoma
CGACCTACTAGACAAT-1,melanoma
CGACGCATCCGTACCT-1,dermis with fibroblasts
CGACTCAGGATGTTAT-1,dermis with fibroblasts
CGAGAGCGCGTAGATA-1,melanoma
CGAGCTGGGCTTTAGG-1,epidermis
CGATCTGTTGGAGGAC-1,melanoma
CGATGGACCCTACGCC-1,epidermis
CGATGTTGTTATCTAC-1,dermis with fibroblasts
CGCAATTAGGGTAATA-1,epidermis
CGCATTAGCTAATAGG-1,epidermis
CGCCACAGGTCGCGAT-1,melanoma
CGCCATCCGATTATGA-1,dermis with fibroblasts
CGCCCGCTTCCGTACA-1,dermis with fibroblasts
CGCCTGGCCTACGTAA-1,melanoma
CGCGTTCATGAAATAC-1,epidermis
CGCTCTCCGTAGATTA-1,melanoma
CGCTTATTCCCGGTCG-1,melanoma
CGGACGTTACTTGAAG-1,melanoma
CGGGCAGCTAAACCGC-1,melanoma
CGGTACGGCAAACCCA-1,inflammatory regions
CGGTAGAGGTGCAGGT-1,epidermis
CGGTGCAGATAGAACG-1,melanoma
CGGTTCAAGTAGGTGT-1,dermis with fibroblasts
CGGTTGACCTGGCATA-1,melanoma
CGGTTTACTGAACATT-1,dermis with fibroblasts
CGTATTAAGAGATCTA-1,melanoma
CGTGACATTGGGTCGT-1,epidermis
CGTGCATTGTCGACGC-1,melanoma
CGTGTCCCATTCGCGA-1,epidermis
CGTTATCATACTTCCA-1,melanoma
CGTTCATGGTGCGCGT-1,melanoma
CGTTGTTTCAATTCCC-1,melanoma
CGTTTCGCTCATTACA-1,melanoma
CTAAAGAATGCCTACT-1,melanoma
CTAACAGCACAATAAC-1,inflammatory regions
CTAACCGCGCGCCCGT-1,melanoma
CTAATTCGCACGCGCT-1,epidermis
CTACGACTAGCTATAA-1,melanoma
CTAGTATTCGGAATTA-1,epidermis
CTAGTGAAGGACAGGA-1,melanoma
CTAGTTGGGCCCGGTA-1,dermis with fibroblasts
CTATGTGAGTCACGGC-1,melanoma
CTCACTTGGCTGGTAA-1,melanoma
CTCAGATTGTGATAAG-1,melanoma
CTCAGTCACGACAAAT-1,dermis with fibroblasts
CTCGAGACATACGATA-1,dermis with fibroblasts
CTCGAGGTCGAACAGT-1,melanoma
CTCTACACTGGCGATT-1,melanoma
CTGAAAGAGATCCGAC-1,epidermis
CTGGAAATGGATGCTT-1,melanoma
CTGGACGCAGTCCGGC-1,dermis with fibroblasts
CTGGCATCCGAATGAG-1,melanoma
CTGGGCCTGCTATATC-1,melanoma
CTGGGTTGAGTTAAAG-1,dermis with fibroblasts
CTGTCAAATGGCTCGG-1,dermis with fibroblasts
CTTAAGCAGCGAGCCG-1,dermis with fibroblasts
CTTACACGGTATTCCA-1,melanoma
CTTAGCCTTCCACATG-1,dermis with fibroblasts
CTTATGCGCTCAGGGC-1,melanoma
CTTCTATGTTGAAGTA-1,melanoma
CTTGCAACCGCCTCCT-1,melanoma
CTTGTGCTCACCGATT-1,epidermis
CTTTGACGTCGCTTCT-1,melanoma
CTTTGGCTTTAGTAAA-1,melanoma
CTTTGTCGAATGCTCC-1,dermis with fibroblasts
GAAATCGCGCGCAACT-1,epidermis
GAAATGGCGGTGTTAG-1,melanoma
GAACCTCGACCTACAC-1,melanoma
GAAGTTTCCACTCAAT-1,melanoma
GAATGGGCTTATCGAC-1,melanoma
GACAACGACCATTGAA-1,dermis with fibroblasts
GACAGATTTCTGGCTC-1,melanoma
GACCAGAGCCCTGTAG-1,melanoma
GACGCTTGCTTCTAAA-1,melanoma
GACTACAAAGCGGTGG-1,melanoma
GACTCCTTCCAATTGA-1,dermis with fibroblasts
GAGAGGGCGCGAGGTT-1,melanoma
GAGAGGTGCATTCTGG-1,melanoma
GAGATCTGCTTGGCAT-1,melanoma
GAGTAAGGCCACGGGA-1,melanoma
GAGTCTTGTAAAGGAC-1,melanoma
GAGTTCTGTGGGTGCT-1,dermis with fibroblasts
GAGTTGATGGCAATTT-1,melanoma
GAGTTGTCACCAGTCT-1,dermis with fibroblasts
GATATCAAGCAGGAGC-1,dermis with fibroblasts
GATCATTCCAAACATT-1,melanoma
GATCGACACTATCTGA-1,epidermis
GATCGGATAGAACCAT-1,melanoma
GATCTAACCGTATTCA-1,dermis with fibroblasts
GATCTTTGCAGGGTAT-1,melanoma
GATTACTGAATTTGGG-1,melanoma
GATTCCCTTGTCGCAG-1,dermis with fibroblasts
GATTCCGCGTTTCCGT-1,epidermis
GCAAATATTACGCTTT-1,melanoma
GCAAATGAGGACACTT-1,melanoma
GCAACACACTAGAACT-1,melanoma
GCAACCACGGCCGCGT-1,melanoma
GCAAGCTGGAAACCGC-1,dermis with fibroblasts
GCACAACCTCGGGCGT-1,dermis with fibroblasts
GCAGCACACAGCCCAG-1,melanoma
GCAGGAACTTAGATCT-1,dermis with fibroblasts
GCAGGACTATAGAATA-1,melanoma
GCATGGGTACTGACGC-1,melanoma
GCATTGACTTGCGGAA-1,melanoma
GCATTGTAATTCATAT-1,melanoma
GCCAAGAATACTTCTG-1,melanoma
GCCAGGAGTAACCGAT-1,epidermis
GCCATATTGCACACAG-1,epidermis
GCCCGACTTCTTCCCG-1,melanoma
GCCCGAGAGTCTAAAT-1,dermis with fibroblasts
GCCGAAATTCCTACGT-1,melanoma
GCCGCTTGTGAGAAAC-1,melanoma
GCCTTTGTCAGTGGAC-1,dermis with fibroblasts
GCGGCTCTGACGTACC-1,melanoma
GCGTCTCTGCATTGGG-1,melanoma
GCTATGCCAGCTTATG-1,melanoma
GCTCGGAATTTAAAGC-1,dermis with fibroblasts
GCTCTCGGGTACCGAA-1,epidermis
GGACAAGCCATGATCG-1,inflammatory regions
GGAGACCATCTACATA-1,dermis with fibroblasts
GGATCAGAGCCATCAG-1,melanoma
GGATCTTGACTCAACC-1,melanoma
GGATGACGCGAGTTTA-1,melanoma
GGCACTCCACTGGGCA-1,melanoma
GGCATACAGGTAGCGG-1,melanoma
GGCGCAGGACATCTTC-1,melanoma
GGCGGAGTAATATTAG-1,melanoma
GGCTATTAAGTTGTAT-1,melanoma
GGCTCTGCTCCAACGC-1,dermis with fibroblasts
GGGAACGGGAGGTTAG-1,melanoma
GGGATGGACCCGCGTC-1,inflammatory regions
GGGCACTATTGACCAT-1,dermis with fibroblasts
GGGCAGACGTCACTGC-1,melanoma
GGGCAGGATTTCTGTG-1,dermis with fibroblasts
GGGCCTAAATGGGCTA-1,melanoma
GGGCGATATGTGTGAA-1,epidermis
GGGCTACTATTTCGTG-1,dermis with fibroblasts
GGGCTGGTTAGTCGCG-1,melanoma
GGGTACTTCATGAACT-1,melanoma
GGGTCACCGTGACGGT-1,melanoma
GGTATTGCCGAGTTTA-1,melanoma
GGTCGTAAGCTCGCAC-1,melanoma
GGTTACCACCCTCGGG-1,melanoma
GGTTAGGCTTGGAGAA-1,epidermis
GGTTTACAATCTCAAT-1,dermis with fibroblasts
GTAGGTGATCCGTGTA-1,dermis with fibroblasts
GTCATGCACCTCCGTT-1,melanoma
GTCCCAATCATCCCGC-1,melanoma
GTCCTACTCTACGGGC-1,dermis with fibroblasts
GTCCTAGGATACCTTA-1,dermis with fibroblasts
GTCGGATATCTCAGAC-1,melanoma
GTCGGATGTAGCGCGC-1,dermis with fibroblasts
GTCGGGAACATGGTAG-1,melanoma
GTCTATCTGAGTTTCT-1,melanoma
GTCTCGATCTGCTTTC-1,dermis with fibroblasts
GTGAAGTCACGACTCG-1,melanoma
GTGCACGAAAGTGACT-1,epidermis
GTGCCATCACACGGTG-1,melanoma
GTGCTCAAGTACTGTC-1,melanoma
GTGGAACCTACATGCG-1,epidermis
GTGGACCAACCCGATT-1,melanoma
GTGGCAAACAGCGGCA-1,melanoma
GTGGCGGTCCCAGCGT-1,melanoma
GTGGGAAGACTGAATC-1,melanoma
GTGGGCTTAGACACAC-1,epidermis
GTGGGTACTGAGCGTA-1,melanoma
GTGGTTTCCGCCTTTC-1,melanoma
GTTACAATTGGTGACG-1,melanoma
GTTTCATATCGTCGCT-1,melanoma
GTTTCCTGGAGGGTGA-1,epidermis
GTTTGACCAAATCCTA-1,melanoma
GTTTGTTAGCCAAGTA-1,inflammatory regions
TAAGGCAACATAAGAT-1,dermis with fibroblasts
TAATCGATCCGTACGT-1,dermis with fibroblasts
TAATTTCCGTCCAGTA-1,epidermis
TACATCCCTATCCCTG-1,melanoma
TACCTATCCCTAGAGG-1,melanoma
TACGAACACGACTTCA-1,melanoma
TACGAGAACTTCACGT-1,melanoma
TACGATGTTGATCATC-1,melanoma
TACGGGATGCTAGCAG-1,epidermis
TACGTTTACCGGCAAT-1,melanoma
TACTCTCCGAACAAAT-1,dermis with fibroblasts
TACTGAGGGAAGAAAG-1,dermis with fibroblasts
TACTTTCCGCACGCCA-1,melanoma
TAGAGATCATGCAACT-1,melanoma
TAGAGTCTAAGCGAAC-1,melanoma
TAGCTAAGTCCGGGAG-1,melanoma
TAGCTGATGTGAAGCG-1,melanoma
TAGGCATGTTACGCCA-1,dermis with fibroblasts
TAGGCGATGAGGTCTC-1,dermis with fibroblasts
TAGGTGAGCCCTACTC-1,epidermis
TAGTCTAACAACGAGA-1,melanoma
TAGTGCCCTCCAGAGT-1,melanoma
TATAGCGCACGTTATC-1,melanoma
TATCAGTGGCGTAGTC-1,dermis with fibroblasts
TATCGATCTATGCATA-1,epidermis
TATCTGAGCCGATATT-1,dermis with fibroblasts
TATGACCTTGCGCTGG-1,melanoma
TATGGCCCGGCCTCGC-1,epidermis
TATGGGTACGTATCGT-1,melanoma
TATTAACACCAAAGCA-1,dermis with fibroblasts
TATTTATACCGAGTAG-1,epidermis
TCAAAGAGCTATCTGT-1,melanoma
TCAACATCGACCGAGA-1,melanoma
TCAACCATGTTCGGGC-1,epidermis
TCAACGCGACCGGCAG-1,melanoma
TCACAGGTTATTGGGC-1,melanoma
TCACGCATTGTAGATC-1,melanoma
TCAGCTTGAGCTTTCG-1,dermis with fibroblasts
TCCAACTTTAAATTCT-1,melanoma
TCCAATGCGTCGCCGC-1,dermis with fibroblasts
TCCCGGGTGTGCTGCT-1,melanoma
TCCCGTCAGTCCCGCA-1,dermis with fibroblasts
TCCGATGGTGCGACAT-1,epidermis
TCCTAGCAAAGAAGCT-1,melanoma
TCCTCCTAAGACATTC-1,melanoma
TCCTGCGTTGATACTC-1,melanoma
TCCTTCAATCCCTACG-1,melanoma
TCCTTTCTTACGCTTA-1,melanoma
TCGAAATTTAGGACCA-1,epidermis
TCGAGTCTACGATTCG-1,dermis with fibroblasts
TCGCCGCACCGCGTGA-1,melanoma
TCGCTCGATATATTCC-1,melanoma
TCGGAGAGTATCGGGA-1,melanoma
TCGGATCTGGATGACC-1,dermis with fibroblasts
TCGGCGTACTGCACAA-1,melanoma
TCGTGTCACGCTGACA-1,melanoma
TCTAAAGAACAGTCTC-1,dermis with fibroblasts
TCTACCGTCCACAAGC-1,melanoma
TCTAGCAATCTCCGCC-1,melanoma
TCTAGTTATCAGAAGA-1,melanoma
TCTATTACTAGAGGAT-1,melanoma
TCTCCAACGTAGGTTA-1,dermis with fibroblasts
TCTCGTGTTACGAGGA-1,melanoma
TCTGGGTAGCGCTCAT-1,melanoma
TCTTACCGGAACTCGT-1,epidermis
TCTTGGTAACACCAAA-1,epidermis
TCTTTCATCCGTCCTT-1,dermis with fibroblasts
TGAATTTCACTTGCCT-1,melanoma
TGACAGGACAAGTCCA-1,dermis with fibroblasts
TGACCCACGTTAGACA-1,melanoma
TGACGAATATTTCCCT-1,melanoma
TGAGCCATACAGTCTC-1,melanoma
TGAGGCATGTACTGTG-1,dermis with fibroblasts
TGATCAGGGAACTGCT-1,melanoma
TGATTCAGGTCCCGCG-1,melanoma
TGATTCGTCTATCACT-1,melanoma
TGATTTATTAGCTGTG-1,melanoma
TGCAAGAATGACGTAA-1,melanoma
TGCAGAACTATATCGT-1,melanoma
TGCAGATCGTCCTAGG-1,melanoma
TGCAGCTACGTACTTC-1,melanoma
TGCAGGATCGGCAAAG-1,dermis with fibroblasts
TGCATGGATCGGATCT-1,epidermis
TGCCAAAGTCAGACTT-1,melanoma
TGCCACACTAGAGGAA-1,melanoma
TGCCATTACTAAAGAA-1,epidermis
TGCCGTTCTTAATCGG-1,dermis with fibroblasts
TGCGAATATGGGATTT-1,melanoma
TGGAAGAAGGGAACGT-1,melanoma
TGGAAGGATAAAGATG-1,epidermis
TGGAGTGATGCGATGA-1,epidermis
TGGCAACTCGCGCGCC-1,epidermis
TGGCATGAAGTTTGGG-1,dermis with fibroblasts
TGGCCAATTTGGTACT-1,melanoma
TGGCTCTTGTCGCGTA-1,melanoma
TGGCTTATGTATAATG-1,inflammatory regions
TGGGCCACAAGAGCGC-1,epidermis
TGGTAAGCAGGATTGA-1,melanoma
TGGTCGTGCAAGGCAA-1,melanoma
TGGTCTGTTGGGCGTA-1,melanoma
TGTAAGACTGATAAGA-1,inflammatory regions
TGTACCCGACCCTAAT-1,dermis with fibroblasts
TGTAGTGATCTATAAT-1,melanoma
TGTGCCAGAGGCAAAG-1,inflammatory regions
TGTGTCGAAGTCGAGG-1,melanoma
TGTGTGACCATGAATC-1,inflammatory regions
TGTTCCGCTTCCATGA-1,melanoma
TGTTCTTCCATTGACT-1,melanoma
TGTTGTCAAGAAGTCT-1,dermis with fibroblasts
TTAACTTCAGGTAGGA-1,melanoma
TTAAGCGCCTGACCCA-1,epidermis
TTAATCAGTACGTCAG-1,dermis with fibroblasts
TTAATTTCAGACGCGG-1,epidermis
TTACAGACCTAAATGA-1,dermis with fibroblasts
TTACTCTGGTACGTAC-1,melanoma
TTAGAGGGATATACAG-1,melanoma
TTAGCTAATACGATCT-1,epidermis
TTATCTGACATTAGGA-1,melanoma
TTCAGGCGTCAAAGCC-1,melanoma
TTCATGGCGCAACAGG-1,dermis with fibroblasts
TTCCCGGCGCCAATAG-1,melanoma
TTCTTGGAGTAATGAG-1,dermis with fibroblasts
TTGAAGAATTCCCAGG-1,melanoma
TTGAATCGTTGTATAA-1,melanoma
TTGACATGAACGTGGA-1,melanoma
TTGACCATGTTCTCCG-1,dermis with fibroblasts
TTGATGTGTAGTCCCG-1,dermis with fibroblasts
TTGCATGCTGATCACG-1,melanoma
TTGCCCTGATCACGGG-1,melanoma
TTGCTGATCATGTTCG-1,melanoma
TTGGACATGTGGCTTA-1,melanoma
TTGTACACCTCGAACA-1,melanoma
TTGTGAGGCATGACGC-1,melanoma
TTGTGCGGAAGCGGAT-1,inflammatory regions
TTGTTTCCATACAACT-1,melanoma
